ticker,name,date,obv,obv_change_20d,ad_line,ad_change_20d,mfi,vol_ratio_5d_20d,surge_count_5d,surge_count_20d,supply_demand_score,supply_demand_stage
A,A,2026-03-03 05:00:00+00:00,96857400,-7.03,53236034.32639095,16.68,30.6,1.44,1,2,60,Accumulation
AAL,AAL,2026-03-03 05:00:00+00:00,1413460700,-12.99,-2921883183.7890587,0.59,27.6,1.44,0,0,35,Distribution
AAPL,AAPL,2026-03-03 05:00:00+00:00,3521466800,1.27,6496531697.332262,-1.9,46.7,0.88,0,0,50,Neutral
ABBV,ABBV,2026-03-03 05:00:00+00:00,615765500,-0.07,475294438.72756004,5.11,54.1,0.9,0,1,60,Accumulation
ABNB,ABNB,2026-03-03 05:00:00+00:00,73429800,21.82,230493596.6746856,4.87,59.2,0.97,0,2,65,Accumulation
ABT,ABT,2026-03-03 05:00:00+00:00,321858800,19.58,315055695.9932083,10.29,66.1,0.88,0,0,80,Strong Accumulation
ACGL,ACGL,2026-03-03 05:00:00+00:00,339258600,5.39,120988587.20520599,3.43,64.8,0.81,0,0,60,Accumulation
ACN,ACN,2026-03-03 05:00:00+00:00,25043700,-48.12,109803006.37862858,2.35,38.8,1.19,0,0,35,Distribution
ADBE,ADBE,2026-03-03 05:00:00+00:00,-68363600,-3.52,76139998.58160727,24.03,39.8,0.84,0,0,65,Accumulation
ADI,ADI,2026-03-03 05:00:00+00:00,238147000,15.68,211797247.95889693,7.83,58.2,0.94,0,0,75,Strong Accumulation
ADM,ADM,2026-03-03 05:00:00+00:00,165674200,3.36,29237839.585904915,75.02,50.1,0.91,0,0,65,Accumulation
ADP,ADP,2026-03-03 05:00:00+00:00,33894900,-40.0,131373708.81893161,0.02,46.3,1.03,0,1,35,Distribution
ADSK,ADSK,2026-03-03 05:00:00+00:00,59029100,27.57,54849359.8345037,23.71,64.0,1.19,1,2,80,Strong Accumulation
AEE,AEE,2026-03-03 05:00:00+00:00,101778900,24.24,85493181.32155067,6.62,80.8,0.87,0,0,80,Strong Accumulation
AEP,AEP,2026-03-03 05:00:00+00:00,266797700,13.23,185303843.22529754,6.21,80.2,0.97,0,0,80,Strong Accumulation
AES,AES,2026-03-03 05:00:00+00:00,49117500,-60.98,-259488477.4774889,-20.64,31.2,2.16,3,4,30,Distribution
AFL,AFL,2026-03-03 05:00:00+00:00,300289000,-1.49,111843916.07350436,-0.8,35.3,1.01,0,0,50,Neutral
AIG,AIG,2026-03-03 05:00:00+00:00,363435600,7.87,-157417493.8600001,4.21,60.2,1.06,0,0,60,Accumulation
AIZ,AIZ,2026-03-03 05:00:00+00:00,51302100,4.45,10462403.672592994,15.27,49.3,0.74,0,2,65,Accumulation
AJG,AJG,2026-03-03 05:00:00+00:00,96127000,1.67,66252320.20051981,10.89,59.6,0.76,0,2,65,Accumulation
AKAM,AKAM,2026-03-03 05:00:00+00:00,98578300,16.89,-19281734.654757313,30.91,55.8,0.78,0,2,80,Strong Accumulation
ALB,ALB,2026-03-03 05:00:00+00:00,132951800,4.61,-11380598.4105376,5.51,52.2,1.08,0,0,60,Accumulation
ALGN,ALGN,2026-03-03 05:00:00+00:00,-32382000,32.62,17629581.18760918,74.84,46.3,0.72,0,2,80,Strong Accumulation
ALL,ALL,2026-03-03 05:00:00+00:00,72960600,16.17,22723420.30387602,64.74,65.3,0.85,0,0,80,Strong Accumulation
ALLE,ALLE,2026-03-03 05:00:00+00:00,33977300,2.42,13325823.554589259,-15.22,35.8,0.93,0,1,35,Distribution
AMAT,AMAT,2026-03-03 05:00:00+00:00,396796700,7.35,335887751.129369,8.22,53.0,0.93,0,0,70,Strong Accumulation
AMCR,AMCR,2026-03-03 05:00:00+00:00,-24646440,41.62,907679.5532384696,103.92,70.6,0.76,0,0,85,Strong Accumulation
AMD,AMD,2026-03-03 05:00:00+00:00,2160731500,-11.59,2262186765.215219,-2.89,30.4,0.85,0,1,35,Distribution
AME,AME,2026-03-03 05:00:00+00:00,115622000,3.27,64774258.73972597,5.58,45.1,0.99,0,1,60,Accumulation
AMGN,AMGN,2026-03-03 05:00:00+00:00,79094200,19.78,147113962.57773092,8.32,64.2,0.91,0,0,75,Strong Accumulation
AMP,AMP,2026-03-03 05:00:00+00:00,38257800,-11.21,24013645.52386128,-2.24,35.0,0.83,0,1,35,Distribution
AMT,AMT,2026-03-03 05:00:00+00:00,30301100,275.89,83292919.2197771,27.86,69.5,1.05,0,0,80,Strong Accumulation
AMZN,AMZN,2026-03-03 05:00:00+00:00,3993707000,-10.13,2379586601.236488,10.58,47.4,0.72,0,2,50,Neutral
ANET,ANET,2026-03-03 05:00:00+00:00,1108246400,-1.91,706479903.6622487,0.51,29.9,0.78,0,1,45,Neutral
AON,AON,2026-03-03 05:00:00+00:00,77966700,16.41,42324375.152224936,2.79,66.3,0.8,0,2,65,Accumulation
AOS,AOS,2026-03-03 05:00:00+00:00,-7804800,7.49,-3846394.578749409,26.5,33.3,0.95,0,1,75,Strong Accumulation
APA,APA,2026-03-03 05:00:00+00:00,858507600,6.81,-208325078.30140296,9.22,70.6,1.44,0,0,80,Strong Accumulation
APD,APD,2026-03-03 05:00:00+00:00,70248400,-2.99,73778378.31027003,4.42,31.7,1.12,0,1,50,Neutral
APH,APH,2026-03-03 05:00:00+00:00,654784700,-11.42,526559717.463931,-5.59,50.9,1.03,0,0,25,Strong Distribution
APTV,APTV,2026-03-03 05:00:00+00:00,-20632500,-65.16,21981775.369598504,-14.07,27.7,1.03,0,0,15,Strong Distribution
ARE,ARE,2026-03-03 05:00:00+00:00,-72176300,-18.42,-38459420.48964125,18.82,28.8,1.64,1,1,55,Accumulation
ASTS,AST SpaceMobile,2026-03-03 05:00:00+00:00,816119900,3.65,46162502.7553605,-29.93,48.2,1.08,0,0,35,Distribution
ATO,ATO,2026-03-03 05:00:00+00:00,151397500,9.37,71159606.40769607,10.71,77.2,1.08,0,0,80,Strong Accumulation
AVB,AVB,2026-03-03 05:00:00+00:00,-11546100,20.57,39674540.883674785,15.27,48.3,1.11,0,0,80,Strong Accumulation
AVGO,AVGO,2026-03-03 05:00:00+00:00,2876859500,-2.31,1651760773.1840034,3.17,31.6,0.99,0,0,50,Neutral
AVY,AVY,2026-03-03 05:00:00+00:00,1711700,37.35,19718766.54245476,6.62,52.2,0.85,0,2,75,Strong Accumulation
AWK,AWK,2026-03-03 05:00:00+00:00,53172000,30.78,38490573.75169797,8.46,56.4,0.89,0,1,75,Strong Accumulation
AXON,AXON,2026-03-03 05:00:00+00:00,124845400,7.1,29444975.478245683,12.65,69.2,1.48,1,2,80,Strong Accumulation
AXP,AXP,2026-03-03 05:00:00+00:00,58416600,-12.54,227166009.34426686,-1.28,23.3,1.36,1,3,35,Distribution
AZO,AZO,2026-03-03 05:00:00+00:00,14415000,4.55,11064204.502038699,4.64,51.5,1.43,0,0,55,Accumulation
BA,BA,2026-03-03 05:00:00+00:00,16877800,-2.63,-951967084.1541418,-0.39,30.3,0.91,0,0,50,Neutral
BAC,BAC,2026-03-03 05:00:00+00:00,662536500,-14.59,813016294.0061967,10.73,37.7,1.17,0,0,50,Neutral
BALL,BALL,2026-03-03 05:00:00+00:00,29064000,48.82,25901583.5496005,115.23,46.7,0.79,0,2,80,Strong Accumulation
BAX,BAX,2026-03-03 05:00:00+00:00,-9468500,84.19,-28412002.782229498,66.12,34.8,1.13,1,2,80,Strong Accumulation
BBWI,BBWI,2026-03-03 05:00:00+00:00,-91506308,17.6,39482924.663020626,60.4,46.2,0.98,0,0,80,Strong Accumulation
BBY,BBY,2026-03-03 05:00:00+00:00,86350000,-3.9,-39158430.077805854,12.59,40.6,1.49,1,2,70,Strong Accumulation
BDX,BDX,2026-03-03 05:00:00+00:00,-79441041,-19.76,60309240.82358544,7.62,52.6,0.81,0,1,45,Neutral
BEN,BEN,2026-03-03 05:00:00+00:00,-13548600,51.52,-14205583.846027002,49.81,41.7,0.99,0,0,80,Strong Accumulation
BF-B,BF-B,2026-03-03 05:00:00+00:00,-62707900,33.61,-100615238.06406991,15.86,56.4,1.61,1,1,90,Strong Accumulation
BG,BG,2026-03-03 05:00:00+00:00,110765500,0.48,64690889.65985941,4.75,41.8,0.93,0,0,50,Neutral
BIIB,BIIB,2026-03-03 05:00:00+00:00,-47864900,-6.5,-30089864.288483005,4.57,41.8,0.72,0,1,40,Distribution
BIO,BIO,2026-03-03 05:00:00+00:00,-4813400,14.2,-1651710.6569340231,34.11,55.0,0.9,0,1,80,Strong Accumulation
BK,BK,2026-03-03 05:00:00+00:00,492700100,1.11,235872870.3077651,3.57,33.3,0.95,0,0,50,Neutral
BKNG,BKNG,2026-03-03 05:00:00+00:00,1184400,-55.79,4172057.2377928565,572.69,45.6,1.03,0,3,50,Neutral
BKR,BKR,2026-03-03 05:00:00+00:00,560694000,7.26,343522557.0186156,3.73,66.3,1.02,0,0,60,Accumulation
BLDR,BLDR,2026-03-03 05:00:00+00:00,113809300,-17.06,-30724304.770305753,-7.48,10.0,1.0,0,1,20,Strong Distribution
BLK,BLK,2026-03-03 05:00:00+00:00,80956000,2.44,47668801.78533561,6.65,38.5,1.01,0,0,60,Accumulation
BMY,BMY,2026-03-03 05:00:00+00:00,289233000,13.55,-391441881.04324555,11.58,52.7,1.09,0,0,80,Strong Accumulation
BR,BR,2026-03-03 05:00:00+00:00,8644200,141.99,42181407.378167674,17.53,53.9,0.76,0,1,80,Strong Accumulation
BRK-B,BRK-B,2026-03-03 05:00:00+00:00,235158100,4.56,176048574.03852737,-1.43,46.0,1.27,1,2,55,Accumulation
BRO,BRO,2026-03-03 05:00:00+00:00,41387900,12.08,89048974.38653347,0.11,76.0,0.76,0,1,70,Strong Accumulation
BSX,BSX,2026-03-03 05:00:00+00:00,413789600,-17.57,241242514.10550743,-29.57,52.4,0.75,0,2,20,Strong Distribution
BWA,BWA,2026-03-03 05:00:00+00:00,56792629,-3.24,65718043.30266336,-8.87,41.8,0.67,0,4,35,Distribution
BX,BX,2026-03-03 05:00:00+00:00,152700600,-13.64,236334695.23887014,5.17,23.2,1.03,0,4,40,Distribution
BXP,BXP,2026-03-03 05:00:00+00:00,-30304400,-540.27,15372507.836290238,-51.08,20.9,1.59,1,2,25,Strong Distribution
C,C,2026-03-03 05:00:00+00:00,171828800,-27.9,237716228.1100777,22.88,37.2,1.2,0,0,55,Accumulation
CAG,CAG,2026-03-03 05:00:00+00:00,-297514300,-25.23,-115688571.7095528,0.08,52.5,0.91,0,0,35,Distribution
CAH,CAH,2026-03-03 05:00:00+00:00,297804100,0.78,227723152.63376802,-0.68,58.4,0.96,0,0,50,Neutral
CARR,CARR,2026-03-03 05:00:00+00:00,242437700,6.55,305490649.8822717,7.69,35.6,0.74,0,1,70,Strong Accumulation
CAT,CAT,2026-03-03 05:00:00+00:00,192144000,-6.31,177801856.4804432,4.49,39.6,0.91,0,1,40,Distribution
CB,CB,2026-03-03 05:00:00+00:00,163825000,7.09,43735660.05557891,16.97,71.0,1.02,0,0,80,Strong Accumulation
CBOE,CBOE,2026-03-03 05:00:00+00:00,64046000,13.65,21155910.176711515,29.23,86.8,1.04,0,0,85,Strong Accumulation
CBRE,CBRE,2026-03-03 05:00:00+00:00,31064400,-36.01,72062257.44257526,5.9,42.6,0.73,0,3,45,Neutral
CCI,CCI,2026-03-03 05:00:00+00:00,55173700,60.44,65674827.977529414,13.84,74.5,0.9,0,1,85,Strong Accumulation
CCL,CCL,2026-03-03 05:00:00+00:00,714410700,-11.19,244049970.10504615,16.7,29.3,1.09,0,0,45,Neutral
CDNS,CDNS,2026-03-03 05:00:00+00:00,81712600,10.62,100233319.77582808,3.79,40.2,0.86,0,2,65,Accumulation
CDW,CDW,2026-03-03 05:00:00+00:00,20495400,4.18,22003256.368466366,29.99,39.5,0.92,0,0,65,Accumulation
CE,CE,2026-03-03 05:00:00+00:00,-3844300,-139.49,-27633431.078723878,15.28,31.8,0.98,0,0,50,Neutral
CEG,CEG,2026-03-03 05:00:00+00:00,154342600,-0.46,73577668.26171991,47.33,73.8,0.93,0,0,70,Strong Accumulation
CF,CF,2026-03-03 05:00:00+00:00,206947000,16.31,39960633.38183288,2.83,64.5,1.38,2,3,70,Strong Accumulation
CFG,CFG,2026-03-03 05:00:00+00:00,49239500,-12.79,105682000.05767857,0.66,34.3,1.16,0,0,35,Distribution
CHD,CHD,2026-03-03 05:00:00+00:00,140760600,4.87,65944042.39183558,12.73,68.0,0.87,0,0,65,Accumulation
CHRW,CHRW,2026-03-03 05:00:00+00:00,91416100,-4.98,39889482.92099166,0.66,57.5,0.68,0,1,45,Neutral
CHTR,CHTR,2026-03-03 05:00:00+00:00,-57625900,5.42,-102929849.86542633,6.63,35.4,0.8,0,0,70,Strong Accumulation
CI,CI,2026-03-03 05:00:00+00:00,86896100,3.75,-5882436.310261389,49.23,56.2,0.95,0,2,65,Accumulation
CINF,CINF,2026-03-03 05:00:00+00:00,20051100,-0.42,973664.5418946447,161.12,39.1,0.99,0,0,65,Accumulation
CL,CL,2026-03-03 05:00:00+00:00,310511800,3.41,127849914.4211522,14.32,41.4,0.94,0,0,65,Accumulation
CLX,CLX,2026-03-03 05:00:00+00:00,67162400,15.18,-21367866.97384458,17.95,45.3,0.85,0,1,80,Strong Accumulation
CMCSA,CMCSA,2026-03-03 05:00:00+00:00,380274601,33.93,126015065.83135174,35.78,33.2,1.0,0,0,80,Strong Accumulation
CME,CME,2026-03-03 05:00:00+00:00,174422300,10.76,114886833.92589682,9.66,69.5,1.08,0,0,75,Strong Accumulation
CMG,CMG,2026-03-03 05:00:00+00:00,587741400,-2.03,744227098.2376776,2.38,38.6,0.8,0,2,50,Neutral
CMI,CMI,2026-03-03 05:00:00+00:00,98155700,-4.99,23079545.845702317,23.91,42.4,0.91,0,2,65,Accumulation
CMS,CMS,2026-03-03 05:00:00+00:00,245086100,11.97,123499829.67657357,6.0,74.9,0.89,0,0,80,Strong Accumulation
CNC,CNC,2026-03-03 05:00:00+00:00,-43605900,-84.41,-222835638.45679733,1.84,60.7,0.71,0,1,35,Distribution
CNP,CNP,2026-03-03 05:00:00+00:00,289923000,14.69,65743109.84259639,73.5,70.0,0.86,0,0,80,Strong Accumulation
COF,COF,2026-03-03 05:00:00+00:00,184655200,-11.97,68107943.41527012,-5.73,28.6,1.21,0,0,25,Strong Distribution
COO,COO,2026-03-03 05:00:00+00:00,-6319300,43.11,22735346.28015059,45.66,45.8,0.97,0,0,80,Strong Accumulation
COP,COP,2026-03-03 05:00:00+00:00,-100497800,37.98,-267277425.28952512,8.96,81.8,1.34,1,1,85,Strong Accumulation
COR,COR,2026-03-03 05:00:00+00:00,136506600,2.0,112680190.34476024,0.46,56.2,0.8,0,2,50,Neutral
COST,COST,2026-03-03 05:00:00+00:00,111698600,8.09,221015609.2150382,-1.55,62.6,1.03,0,0,60,Accumulation
CPAY,CPAY,2026-03-03 05:00:00+00:00,28729600,25.8,3902421.81915266,466.11,31.1,0.86,0,2,80,Strong Accumulation
CPB,CPB,2026-03-03 05:00:00+00:00,-255696900,2.5,-121273518.04311709,-1.44,39.3,1.18,0,0,50,Neutral
CPRT,CPRT,2026-03-03 05:00:00+00:00,75990500,17.11,195502794.30797973,29.51,45.7,0.95,0,2,80,Strong Accumulation
CPT,CPT,2026-03-03 05:00:00+00:00,77639700,11.36,41642423.991638854,2.79,55.8,0.79,0,0,65,Accumulation
CRL,CRL,2026-03-03 05:00:00+00:00,-21548400,-14.41,42141044.7857268,15.37,47.8,0.79,0,4,50,Neutral
CRM,CRM,2026-03-03 05:00:00+00:00,302662900,15.27,378784130.7604583,17.63,49.3,1.12,0,1,80,Strong Accumulation
CSCO,CSCO,2026-03-03 05:00:00+00:00,1268116300,-0.19,1566714624.78116,0.77,46.7,0.75,0,1,50,Neutral
CSGP,CSGP,2026-03-03 05:00:00+00:00,14759500,62.05,33662220.5532415,5.08,39.5,1.0,0,0,75,Strong Accumulation
CSX,CSX,2026-03-03 05:00:00+00:00,172368200,516.11,-83538379.88173617,54.55,77.5,0.96,0,0,85,Strong Accumulation
CTAS,CTAS,2026-03-03 05:00:00+00:00,189083600,7.42,93315539.06155868,-0.8,64.5,1.0,0,0,60,Accumulation
CTRA,CTRA,2026-03-03 05:00:00+00:00,341805900,17.38,-179153822.95859143,13.51,51.6,0.73,0,2,80,Strong Accumulation
CTSH,CTSH,2026-03-03 05:00:00+00:00,68896600,-16.34,117781468.5955613,-1.47,24.5,1.04,0,3,30,Distribution
CTVA,CTVA,2026-03-03 05:00:00+00:00,152853000,25.93,215015435.11901832,7.54,74.7,1.02,0,0,80,Strong Accumulation
CVS,CVS,2026-03-03 05:00:00+00:00,247401000,4.87,179502556.79457682,17.06,69.1,1.13,0,0,65,Accumulation
CVX,CVX,2026-03-03 05:00:00+00:00,725895300,6.37,219385923.1966763,12.14,53.1,1.08,0,0,75,Strong Accumulation
CZR,CZR,2026-03-03 05:00:00+00:00,-89050100,42.14,-272670168.1928896,6.24,64.7,1.2,2,3,80,Strong Accumulation
D,D,2026-03-03 05:00:00+00:00,73008900,16.76,53619322.03029063,21.61,66.4,1.11,1,1,80,Strong Accumulation
DAL,DAL,2026-03-03 05:00:00+00:00,-385539600,-2.46,368698865.6675472,0.65,38.5,1.08,0,0,50,Neutral
DAY,DAY,2026-02-03 05:00:00+00:00,67718486,21.31,75474894.56671773,13.33,61.1,2.01,2,3,90,Strong Accumulation
DD,DD,2026-03-03 05:00:00+00:00,-127819164,12.68,-149349023.30837762,15.8,36.8,0.66,0,1,75,Strong Accumulation
DE,DE,2026-03-03 05:00:00+00:00,50618000,14.05,22894371.19126793,36.17,55.8,0.72,0,2,80,Strong Accumulation
DECK,DECK,2026-03-03 05:00:00+00:00,123180300,-8.88,53693256.51861714,4.18,57.7,0.95,0,0,40,Distribution
DG,DG,2026-03-03 05:00:00+00:00,-87867000,14.88,27948743.837086905,2.03,64.8,1.08,0,0,65,Accumulation
DGX,DGX,2026-03-03 05:00:00+00:00,64124100,8.33,43265659.91963613,12.12,48.3,0.76,0,0,75,Strong Accumulation
DHI,DHI,2026-03-03 05:00:00+00:00,120167300,8.58,85640188.31071046,-0.22,53.1,0.91,0,0,60,Accumulation
DHR,DHR,2026-03-03 05:00:00+00:00,66141811,-1.45,97162144.892248,25.58,43.6,0.87,0,0,65,Accumulation
DIS,DIS,2026-03-03 05:00:00+00:00,-581361000,-5.69,183685035.03692022,4.87,33.2,0.94,0,1,40,Distribution
DLR,DLR,2026-03-03 05:00:00+00:00,96280400,22.32,123931724.37850946,8.76,43.3,0.95,0,1,75,Strong Accumulation
DLTR,DLTR,2026-03-03 05:00:00+00:00,12586200,38.99,-19092874.31014149,23.46,56.3,0.89,0,0,80,Strong Accumulation
DOC,DOC,2026-03-03 05:00:00+00:00,-30853800,-176.4,-6554567.543103083,39.31,50.7,0.73,0,0,50,Neutral
DOV,DOV,2026-03-03 05:00:00+00:00,20393900,37.94,23779845.24098783,48.48,46.2,0.91,0,0,80,Strong Accumulation
DOW,DOW,2026-03-03 05:00:00+00:00,-326758200,-0.63,-333460514.3650377,3.83,42.5,0.92,0,0,50,Neutral
DPZ,DPZ,2026-03-03 05:00:00+00:00,9154400,-22.23,-7686152.787842,-19.31,39.8,0.95,0,1,20,Strong Distribution
DRI,DRI,2026-03-03 05:00:00+00:00,68886600,3.61,69658116.38661572,-0.49,36.8,0.81,0,0,50,Neutral
DTE,DTE,2026-03-03 05:00:00+00:00,150925044,8.82,45368791.885542385,8.56,81.4,0.93,0,0,75,Strong Accumulation
DUK,DUK,2026-03-03 05:00:00+00:00,294320400,21.2,175458778.32451707,15.6,88.6,0.86,0,0,85,Strong Accumulation
DVA,DVA,2026-03-03 05:00:00+00:00,26306300,19.55,26117502.24341167,6.11,65.0,0.63,0,2,70,Strong Accumulation
DVN,DVN,2026-03-03 05:00:00+00:00,207629000,7.96,109009821.20941943,33.89,45.6,0.98,0,1,75,Strong Accumulation
DXCM,DXCM,2026-03-03 05:00:00+00:00,241442200,-0.71,71359051.7445922,-2.01,58.2,0.7,0,0,45,Neutral
EA,EA,2026-03-03 05:00:00+00:00,176053600,2.66,58426020.84909082,-7.5,44.8,0.61,0,2,35,Distribution
EBAY,EBAY,2026-03-03 05:00:00+00:00,403122700,13.9,184634938.6870889,13.91,59.6,0.77,0,3,80,Strong Accumulation
ECL,ECL,2026-03-03 05:00:00+00:00,206900400,1.08,85748144.15411583,12.87,60.5,0.98,0,0,65,Accumulation
ED,ED,2026-03-03 05:00:00+00:00,49585900,7.58,18847615.412355967,2.54,57.7,1.19,1,2,60,Accumulation
EFX,EFX,2026-03-03 05:00:00+00:00,17200300,769.71,23117396.513899945,192.59,58.1,0.64,0,3,75,Strong Accumulation
EG,EG,2026-03-03 05:00:00+00:00,15664900,4.28,-3663084.878457123,28.27,55.7,0.9,0,1,65,Accumulation
EIX,EIX,2026-03-03 05:00:00+00:00,96627300,26.92,89102026.45113122,32.67,68.2,0.98,0,0,80,Strong Accumulation
EL,EL,2026-03-03 05:00:00+00:00,-152101000,-8.16,-62635494.13489066,-3.91,50.8,0.91,0,1,40,Distribution
ELV,ELV,2026-03-03 05:00:00+00:00,-16668200,-762.12,-127173.73905175831,-101.61,29.5,1.78,3,3,25,Strong Distribution
EMN,EMN,2026-03-03 05:00:00+00:00,-44714400,6.98,634071.6582932933,157.12,23.1,0.84,0,0,70,Strong Accumulation
EMR,EMR,2026-03-03 05:00:00+00:00,188831600,3.42,171797728.97277105,-3.07,33.8,0.63,0,2,45,Neutral
ENPH,ENPH,2026-03-03 05:00:00+00:00,105472700,46.44,-210684847.2877753,8.53,49.0,0.61,0,1,70,Strong Accumulation
EOG,EOG,2026-03-03 05:00:00+00:00,-51950900,1.34,45216030.67436048,134.2,74.5,1.3,0,0,75,Strong Accumulation
EPAM,EPAM,2026-03-03 05:00:00+00:00,23817600,-23.75,14015646.475089924,38.47,30.1,0.73,0,3,50,Neutral
EQIX,EQIX,2026-03-03 05:00:00+00:00,18008800,43.96,29181434.910146363,14.6,65.6,0.94,0,1,80,Strong Accumulation
EQR,EQR,2026-03-03 05:00:00+00:00,30303500,-2.01,61421499.236898504,4.88,35.7,0.77,0,1,50,Neutral
EQT,EQT,2026-03-03 05:00:00+00:00,424488200,11.95,453382323.8922471,8.6,81.6,1.03,0,0,80,Strong Accumulation
ES,ES,2026-03-03 05:00:00+00:00,120926900,3.0,87612856.49269852,5.97,75.5,0.87,0,0,65,Accumulation
ESS,ESS,2026-03-03 05:00:00+00:00,31405700,3.09,21006595.078896176,10.78,52.9,0.93,0,0,65,Accumulation
ETN,ETN,2026-03-03 05:00:00+00:00,99708700,1.54,137492403.38040608,-1.31,39.6,0.77,0,0,50,Neutral
ETR,ETR,2026-03-03 05:00:00+00:00,239387400,12.48,236753654.35843766,4.65,84.4,0.84,0,1,70,Strong Accumulation
ETSY,ETSY,2026-03-03 05:00:00+00:00,54791200,4.29,4852902.734812435,-16.06,58.1,0.56,0,2,30,Distribution
EVRG,EVRG,2026-03-03 05:00:00+00:00,259737300,7.67,122137962.44759642,6.76,74.1,1.06,0,1,75,Strong Accumulation
EW,EW,2026-03-03 05:00:00+00:00,40101900,95.83,155329205.74437273,11.64,74.5,0.86,0,1,85,Strong Accumulation
EXC,EXC,2026-03-03 05:00:00+00:00,371759828,19.77,481760844.5155038,8.82,75.2,1.0,0,1,80,Strong Accumulation
EXPD,EXPD,2026-03-03 05:00:00+00:00,48680600,19.41,61848350.200826295,8.7,46.9,0.89,0,1,75,Strong Accumulation
EXPE,EXPE,2026-03-03 05:00:00+00:00,22415800,-35.0,65253308.166915566,16.64,27.3,0.79,0,4,45,Neutral
EXR,EXR,2026-03-03 05:00:00+00:00,-14644200,44.18,38130947.85918424,25.35,66.4,0.82,0,0,80,Strong Accumulation
F,F,2026-03-03 05:00:00+00:00,-411287600,-3.72,-586605737.0470029,-52.06,54.4,1.04,0,0,35,Distribution
FANG,FANG,2026-03-03 05:00:00+00:00,162252700,-0.84,32410115.00352249,37.98,40.7,1.36,2,2,70,Strong Accumulation
FAST,FAST,2026-03-03 05:00:00+00:00,468831400,8.74,709915979.8059856,2.61,34.5,0.87,0,0,60,Accumulation
FCX,FCX,2026-03-03 05:00:00+00:00,406682400,3.51,992398304.7743101,13.67,49.9,1.02,0,0,65,Accumulation
FDS,FDS,2026-03-03 05:00:00+00:00,20231200,39.88,-320634.1850727404,92.56,72.8,0.76,0,3,85,Strong Accumulation
FDX,FDX,2026-03-03 05:00:00+00:00,176892100,7.84,20091284.557364665,13.07,74.7,0.94,0,0,80,Strong Accumulation
FE,FE,2026-03-03 05:00:00+00:00,218603700,13.86,213782093.47675145,6.68,74.7,0.67,0,1,75,Strong Accumulation
FFIV,FFIV,2026-03-03 05:00:00+00:00,51980600,4.84,34801411.4477112,6.39,67.2,1.24,0,0,65,Accumulation
FICO,FICO,2026-03-03 05:00:00+00:00,9191700,6.76,834500.85694063,506.24,63.9,0.89,0,1,75,Strong Accumulation
FIS,FIS,2026-03-03 05:00:00+00:00,-11936100,13.42,77455601.79005718,12.78,54.7,0.93,0,0,80,Strong Accumulation
FITB,FITB,2026-03-03 05:00:00+00:00,73365600,-0.77,293713441.01511925,3.92,42.7,0.95,0,0,50,Neutral
FMC,FMC,2026-03-03 05:00:00+00:00,-275132500,2.75,-115702662.50827917,13.63,38.0,0.67,0,2,60,Accumulation
FOX,FOX,2026-03-03 05:00:00+00:00,-30332800,-19.1,-32046693.06005368,-21.18,42.4,0.91,0,1,20,Strong Distribution
FOXA,FOXA,2026-03-03 05:00:00+00:00,146789000,-14.7,-25412330.045291595,-218.79,40.6,0.89,0,1,20,Strong Distribution
FRT,FRT,2026-03-03 05:00:00+00:00,19175800,121.19,10444895.337426607,44.46,65.2,0.94,0,0,80,Strong Accumulation
FSLR,FSLR,2026-03-03 05:00:00+00:00,109239000,-8.29,26312078.851887055,37.81,52.4,1.52,1,2,65,Accumulation
FTNT,FTNT,2026-03-03 05:00:00+00:00,623914700,0.78,845655016.7757943,3.83,37.9,0.81,0,1,50,Neutral
FTV,FTV,2026-03-03 05:00:00+00:00,5659745,-12.35,43120039.474440925,49.16,32.5,0.68,0,3,45,Neutral
GD,GD,2026-03-03 05:00:00+00:00,108036000,-3.72,28218637.09929189,6.46,39.8,1.05,0,0,60,Accumulation
GDDY,GDDY,2026-03-03 05:00:00+00:00,146959400,9.26,81109834.60826115,27.36,57.4,1.66,2,2,85,Strong Accumulation
GE,GE,2026-03-03 05:00:00+00:00,817691792,-0.7,17352295.46651176,71.0,71.4,1.03,0,0,70,Strong Accumulation
GEHC,GEHC,2026-03-03 05:00:00+00:00,29957500,8.54,92514758.55225332,-3.88,46.1,0.84,0,0,60,Accumulation
GEN,GEN,2026-03-03 05:00:00+00:00,176874500,15.24,181021793.02268052,-1.16,19.7,0.77,0,0,60,Accumulation
GEV,GEV,2026-03-03 05:00:00+00:00,99442800,-5.33,104921946.55859463,9.71,69.7,1.01,0,0,50,Neutral
GILD,GILD,2026-03-03 05:00:00+00:00,598847400,-0.21,489675961.72202003,1.12,46.6,1.0,0,0,50,Neutral
GIS,GIS,2026-03-03 05:00:00+00:00,-12700400,-1475.54,-6456536.227424698,68.89,35.5,0.86,0,1,50,Neutral
GL,GL,2026-03-03 05:00:00+00:00,72810300,4.03,-12542832.637023222,-6.09,58.5,0.94,0,0,40,Distribution
GLW,GLW,2026-03-03 05:00:00+00:00,676638200,11.23,377527598.50150234,9.56,64.2,1.22,0,0,80,Strong Accumulation
GM,GM,2026-03-03 05:00:00+00:00,1010784400,-1.69,-56238389.954742886,1.46,32.7,1.15,0,0,50,Neutral
GNRC,GNRC,2026-03-03 05:00:00+00:00,21669800,82.95,11003275.075031154,120.45,66.2,0.71,0,1,80,Strong Accumulation
GOOG,GOOG,2026-03-03 05:00:00+00:00,2926611900,-7.16,1373879754.936472,6.76,39.2,0.93,0,1,50,Neutral
GOOGL,GOOGL,2026-03-03 05:00:00+00:00,3791023100,-9.95,1981157595.1494315,6.93,36.6,0.86,0,2,50,Neutral
GPC,GPC,2026-03-03 05:00:00+00:00,38244100,-29.47,34574013.33017841,-14.02,18.6,0.87,0,1,15,Strong Distribution
GPN,GPN,2026-03-03 05:00:00+00:00,-71725900,-27.79,-128368637.15270668,2.92,53.6,0.96,0,1,35,Distribution
GRMN,GRMN,2026-03-03 05:00:00+00:00,87329100,12.2,79897965.28706518,4.27,64.7,0.91,0,1,65,Accumulation
GS,GS,2026-03-03 05:00:00+00:00,130362300,5.3,93168286.19641227,3.13,29.3,1.19,1,1,55,Accumulation
GWW,GWW,2026-03-03 05:00:00+00:00,17122300,-4.21,14303928.29529484,3.39,34.7,0.85,0,3,50,Neutral
HAL,HAL,2026-03-03 05:00:00+00:00,445098600,-3.53,-90907515.17705092,17.91,55.5,1.05,0,0,65,Accumulation
HAS,HAS,2026-03-03 05:00:00+00:00,92312700,0.42,54836255.1042162,14.66,34.7,0.7,0,2,65,Accumulation
HBAN,HBAN,2026-03-03 05:00:00+00:00,-59637600,-649.98,924466869.4038471,5.16,33.6,0.8,0,0,45,Neutral
HCA,HCA,2026-03-03 05:00:00+00:00,139885200,6.56,32065241.965835124,5.24,57.1,1.03,0,0,70,Strong Accumulation
HD,HD,2026-03-03 05:00:00+00:00,92099100,-2.6,227358748.66324067,-0.94,44.1,1.03,0,0,50,Neutral
HIG,HIG,2026-03-03 05:00:00+00:00,117020400,0.87,44267521.38980447,9.41,49.1,1.06,1,1,60,Accumulation
HII,HII,2026-03-03 05:00:00+00:00,30497000,2.22,-889460.4440592992,70.95,66.7,0.79,0,1,65,Accumulation
HLT,HLT,2026-03-03 05:00:00+00:00,84912200,1.35,80961587.50675397,8.27,39.7,0.86,0,0,60,Accumulation
HOLX,HOLX,2026-03-03 05:00:00+00:00,118946400,12.07,-17325622.707254507,-41.89,60.1,0.8,0,0,50,Neutral
HON,HON,2026-03-03 05:00:00+00:00,161016836,1.51,56954101.364767134,11.5,35.9,1.02,0,0,65,Accumulation
HPE,HPE,2026-03-03 05:00:00+00:00,1429281100,1.4,571337119.8800704,6.2,43.8,1.07,0,0,60,Accumulation
HPQ,HPQ,2026-03-03 05:00:00+00:00,582569400,3.73,-222106408.61812586,-29.68,26.7,1.18,1,1,30,Distribution
HRL,HRL,2026-03-03 05:00:00+00:00,-12432100,-173.51,3812342.5993826347,65.59,52.5,1.08,0,0,50,Neutral
HSIC,HSIC,2026-03-03 05:00:00+00:00,23953400,37.87,-10406209.026889993,-13.54,49.7,1.06,0,1,50,Neutral
HST,HST,2026-03-03 05:00:00+00:00,121556300,48.87,-9322341.822451402,80.17,46.1,0.92,0,0,80,Strong Accumulation
HSY,HSY,2026-03-03 05:00:00+00:00,67836100,17.83,-2158135.9751067236,85.94,55.2,0.62,0,1,75,Strong Accumulation
HUBB,HUBB,2026-03-03 05:00:00+00:00,12300267,3.21,15750588.265199516,6.52,55.9,0.47,0,1,55,Accumulation
HUM,HUM,2026-03-03 05:00:00+00:00,-5840500,-54.57,-10724726.966044588,-1.44,59.5,0.78,0,1,35,Distribution
HWM,HWM,2026-03-03 05:00:00+00:00,423806056,5.85,267786335.7756215,6.09,76.5,0.78,0,0,75,Strong Accumulation
IBM,IBM,2026-03-03 05:00:00+00:00,233874872,-7.4,319050131.36660296,1.67,27.3,0.94,0,3,35,Distribution
ICE,ICE,2026-03-03 05:00:00+00:00,101331200,31.59,134685520.3204297,6.87,49.6,0.87,0,3,75,Strong Accumulation
IDXX,IDXX,2026-03-03 05:00:00+00:00,25559300,6.01,38913757.47091976,4.58,40.1,1.04,0,0,60,Accumulation
IEX,IEX,2026-03-03 05:00:00+00:00,1816500,-62.8,-3634551.7022899557,27.56,35.0,0.61,0,2,45,Neutral
IFF,IFF,2026-03-03 05:00:00+00:00,-40488800,18.6,25648036.955018237,122.62,62.5,0.84,0,2,80,Strong Accumulation
ILMN,ILMN,2026-03-03 05:00:00+00:00,-34657382,-48.74,73948014.75648843,11.01,54.7,1.01,0,0,50,Neutral
INCY,INCY,2026-03-03 05:00:00+00:00,134521600,4.34,152791301.29995403,2.15,37.6,0.96,0,1,50,Neutral
INTC,INTC,2026-03-03 05:00:00+00:00,1155588300,-32.12,-1760504539.9820786,9.4,26.6,0.84,0,0,40,Distribution
INTU,INTU,2026-03-03 05:00:00+00:00,29279200,24.15,73284219.41130261,-2.07,63.4,1.25,0,2,70,Strong Accumulation
INVH,INVH,2026-03-03 05:00:00+00:00,-185848000,-1.39,118768583.8486391,0.07,33.6,0.96,0,0,50,Neutral
IP,IP,2026-03-03 05:00:00+00:00,10935994,-65.63,286128552.0323209,18.74,37.6,0.83,0,0,50,Neutral
IQV,IQV,2026-03-03 05:00:00+00:00,-37266400,-200.05,70052421.98051228,14.45,39.5,0.91,0,6,50,Neutral
IR,IR,2026-03-03 05:00:00+00:00,-57332900,-71.37,-10565581.702272426,-224.93,24.4,0.63,0,1,10,Strong Distribution
IRM,IRM,2026-03-03 05:00:00+00:00,295249100,5.24,162292813.59703743,4.43,75.7,0.89,0,1,65,Accumulation
ISRG,ISRG,2026-03-03 05:00:00+00:00,159353200,3.97,147748528.16298652,5.62,47.0,0.85,0,0,60,Accumulation
IT,IT,2026-03-03 05:00:00+00:00,36243900,22.25,25622998.768252674,23.1,41.3,0.79,0,3,80,Strong Accumulation
ITW,ITW,2026-03-03 05:00:00+00:00,39310400,22.94,55039735.781963214,-1.69,43.7,1.02,0,2,65,Accumulation
IVZ,IVZ,2026-03-03 05:00:00+00:00,443909300,0.92,229061358.5806512,4.75,45.8,0.8,0,0,50,Neutral
J,J,2026-03-03 05:00:00+00:00,40973907,8.44,48163460.33315269,9.19,35.8,0.75,0,2,70,Strong Accumulation
JBHT,JBHT,2026-03-03 05:00:00+00:00,-2622700,56.74,10581935.630479787,71.33,58.6,0.75,0,1,80,Strong Accumulation
JBL,JBL,2026-03-03 05:00:00+00:00,134593100,1.01,24150025.20360464,12.31,47.3,1.15,0,0,65,Accumulation
JCI,JCI,2026-03-03 05:00:00+00:00,674438700,6.6,245386366.93631425,2.27,59.6,0.83,0,1,60,Accumulation
JKHY,JKHY,2026-03-03 05:00:00+00:00,28801500,5.24,19584705.4876533,-13.67,39.2,0.8,0,3,45,Neutral
JNJ,JNJ,2026-03-03 05:00:00+00:00,-46715200,35.37,445874674.20490515,8.88,65.2,0.99,0,0,75,Strong Accumulation
JPM,JPM,2026-03-03 05:00:00+00:00,265906400,-14.6,274490240.47004116,10.46,35.2,0.99,0,0,50,Neutral
KDP,KDP,2026-03-03 05:00:00+00:00,31364800,299.35,228180714.25219324,2.69,48.6,1.11,0,0,65,Accumulation
KEY,KEY,2026-03-03 05:00:00+00:00,-9664100,-118.13,413131577.4671898,0.35,37.7,0.94,0,1,35,Distribution
KEYS,KEYS,2026-03-03 05:00:00+00:00,71161000,40.2,60809012.67427185,27.68,84.7,1.38,1,3,90,Strong Accumulation
KHC,KHC,2026-03-03 05:00:00+00:00,211415000,70.07,384067042.6160584,19.36,40.4,0.9,0,1,80,Strong Accumulation
KIM,KIM,2026-03-03 05:00:00+00:00,43027100,209.16,79150912.87742926,27.8,57.4,1.18,1,1,80,Strong Accumulation
KKR,KKR,2026-03-03 05:00:00+00:00,101028100,-21.38,247772397.63345903,-1.05,42.2,1.25,1,4,40,Distribution
KLAC,KLAC,2026-03-03 05:00:00+00:00,90495300,1.46,77670755.38070825,3.1,56.0,0.97,0,0,50,Neutral
KMB,KMB,2026-03-03 05:00:00+00:00,-74889500,42.34,-67179638.50576557,21.09,67.3,0.92,0,0,80,Strong Accumulation
KMI,KMI,2026-03-03 05:00:00+00:00,434462400,52.33,482953412.9906498,17.81,85.4,1.03,0,0,85,Strong Accumulation
KMX,KMX,2026-03-03 05:00:00+00:00,-126695700,-1.02,16555192.006821677,-23.82,37.0,0.91,0,1,35,Distribution
KO,KO,2026-03-03 05:00:00+00:00,1035215100,7.12,515786549.68709934,8.62,66.3,0.96,0,0,70,Strong Accumulation
KR,KR,2026-03-03 05:00:00+00:00,519329600,4.35,-30573101.913717013,2.04,53.0,0.88,0,1,50,Neutral
KVUE,KVUE,2026-03-03 05:00:00+00:00,252318000,170.15,-943058347.0143389,13.58,64.0,0.66,0,0,75,Strong Accumulation
L,L,2026-03-03 05:00:00+00:00,48959000,1.23,8640844.450854264,0.03,48.2,1.03,0,0,50,Neutral
LDOS,LDOS,2026-03-03 05:00:00+00:00,56167500,1.03,53640941.07941386,5.82,58.2,1.17,0,2,60,Accumulation
LEN,LEN,2026-03-03 05:00:00+00:00,52550596,1.0,38393149.16503916,2.64,41.3,0.9,0,0,50,Neutral
LH,LH,2026-03-03 05:00:00+00:00,69986065,5.95,53154268.25451068,10.52,57.3,0.71,0,1,75,Strong Accumulation
LHX,LHX,2026-03-03 05:00:00+00:00,4578100,105.38,4142222.02156545,227.47,60.8,1.45,1,1,85,Strong Accumulation
LIN,LIN,2026-03-03 05:00:00+00:00,78837900,73.91,130154809.60112858,17.3,86.1,1.02,0,0,85,Strong Accumulation
LKQ,LKQ,2026-03-03 05:00:00+00:00,55766800,15.23,5482422.112212966,200.82,42.0,0.77,0,0,80,Strong Accumulation
LLY,LLY,2026-03-03 05:00:00+00:00,362760500,-2.98,177533895.99931958,-2.33,35.8,0.81,0,2,50,Neutral
LMT,LMT,2026-03-03 05:00:00+00:00,94610600,6.95,-10127763.812717665,22.64,62.5,1.3,0,0,80,Strong Accumulation
LNT,LNT,2026-03-03 05:00:00+00:00,138419100,18.28,100360805.07894164,6.55,70.0,1.31,1,1,80,Strong Accumulation
LOW,LOW,2026-03-03 05:00:00+00:00,396181400,1.48,31181155.240018994,-9.61,31.0,1.23,0,0,45,Neutral
LRCX,LRCX,2026-03-03 05:00:00+00:00,881259500,-2.35,512227537.67712605,-1.31,49.5,1.06,0,0,50,Neutral
LULU,LULU,2026-03-03 05:00:00+00:00,51631400,16.22,-82371195.25702125,6.0,47.3,1.04,0,0,75,Strong Accumulation
LUV,LUV,2026-03-03 05:00:00+00:00,418716000,-4.62,-45692203.36772784,22.03,26.5,1.01,0,0,60,Accumulation
LVS,LVS,2026-03-03 05:00:00+00:00,74731000,0.34,-138678806.93593365,6.03,35.6,1.07,0,0,60,Accumulation
LW,LW,2026-03-03 05:00:00+00:00,33718200,15.32,-31116920.86498313,10.46,40.0,0.86,0,0,80,Strong Accumulation
LYB,LYB,2026-03-03 05:00:00+00:00,-127518700,15.5,-79280150.00011753,21.52,54.2,1.06,0,0,80,Strong Accumulation
LYV,LYV,2026-03-03 05:00:00+00:00,104700200,25.49,138651838.06028962,4.16,69.7,1.07,0,1,65,Accumulation
MA,MA,2026-03-03 05:00:00+00:00,82172700,14.94,162390090.28962225,3.7,40.8,1.07,0,0,65,Accumulation
MAA,MAA,2026-03-03 05:00:00+00:00,-5448100,-126.45,28948429.433871634,8.95,44.1,0.88,0,1,45,Neutral
MAR,MAR,2026-03-03 05:00:00+00:00,7144400,-13.52,80133840.93615177,4.39,45.2,1.0,0,1,35,Distribution
MAS,MAS,2026-03-03 05:00:00+00:00,16464700,-16.98,15994701.625145808,-9.12,39.5,0.73,0,1,25,Strong Distribution
MCD,MCD,2026-03-03 05:00:00+00:00,112476300,6.86,199542721.72887704,3.71,51.8,0.91,0,0,60,Accumulation
MCHP,MCHP,2026-03-03 05:00:00+00:00,15529100,-80.35,70704350.13383819,52.47,46.5,0.89,0,1,50,Neutral
MCK,MCK,2026-03-03 05:00:00+00:00,65149300,8.52,113946870.10544397,3.9,79.0,0.76,0,2,65,Accumulation
MCO,MCO,2026-03-03 05:00:00+00:00,53224000,-22.27,46784808.81539571,10.42,59.7,0.88,0,4,50,Neutral
MDLZ,MDLZ,2026-03-03 05:00:00+00:00,293481600,2.5,191777275.28418037,9.91,47.1,0.86,0,0,60,Accumulation
MDT,MDT,2026-03-03 05:00:00+00:00,184414900,-28.67,199927726.82517,-9.64,46.7,0.79,0,0,25,Strong Distribution
MET,MET,2026-03-03 05:00:00+00:00,211548000,-3.52,-37557306.37874265,12.35,36.6,1.21,0,1,70,Strong Accumulation
META,META,2026-03-03 05:00:00+00:00,920602500,0.1,149583678.70261705,42.19,48.3,0.91,0,0,65,Accumulation
MGM,MGM,2026-03-03 05:00:00+00:00,-87088700,6.09,-270090498.77896416,6.43,42.5,0.99,0,2,70,Strong Accumulation
MHK,MHK,2026-03-03 05:00:00+00:00,-39376300,-14.02,5660406.703506528,-16.18,39.2,0.96,0,1,20,Strong Distribution
MKC,MKC,2026-03-03 05:00:00+00:00,56194500,83.86,61134069.85977802,30.81,57.1,0.77,0,0,80,Strong Accumulation
MKTX,MKTX,2026-03-03 05:00:00+00:00,-20224200,21.74,-14410220.047917645,18.91,70.2,0.9,0,1,85,Strong Accumulation
MLM,MLM,2026-03-03 05:00:00+00:00,21837600,-5.66,20078554.63381079,9.18,39.8,0.93,0,1,50,Neutral
MMC,MMC,2026-03-03 05:00:00+00:00,192003103,8.23,105490261.89153676,-0.5,58.1,0.6,0,0,55,Accumulation
MMM,MMM,2026-03-03 05:00:00+00:00,-33824050,-8.0,83720627.14344807,15.66,38.4,0.98,0,0,55,Accumulation
MNST,MNST,2026-03-03 05:00:00+00:00,450709100,0.13,223488664.95735198,1.8,65.2,1.23,0,0,55,Accumulation
MO,MO,2026-03-03 05:00:00+00:00,698999400,8.9,193630486.76075852,14.64,56.6,0.91,0,0,75,Strong Accumulation
MOH,MOH,2026-03-03 05:00:00+00:00,7361100,-64.19,10802718.97014433,28.76,61.7,0.65,0,2,45,Neutral
MOS,MOS,2026-03-03 05:00:00+00:00,140989500,-10.61,150829118.12452358,6.4,33.2,1.4,1,1,50,Neutral
MPC,MPC,2026-03-03 05:00:00+00:00,328043000,3.31,65700305.754619844,28.63,45.5,1.23,0,1,70,Strong Accumulation
MPWR,MPWR,2026-03-03 05:00:00+00:00,35266800,-3.29,28754475.213573575,1.26,45.7,0.95,0,2,50,Neutral
MRK,MRK,2026-03-03 05:00:00+00:00,463100578,17.24,112677078.20200247,-5.96,59.6,0.92,0,0,55,Accumulation
MRNA,MRNA,2026-03-03 05:00:00+00:00,633745600,15.17,500793670.69721377,3.98,75.0,0.83,0,0,70,Strong Accumulation
MS,MS,2026-03-03 05:00:00+00:00,429400200,-3.29,302937181.43563414,2.71,23.9,1.03,0,0,45,Neutral
MSCI,MSCI,2026-03-03 05:00:00+00:00,15328900,-11.53,19235974.908980425,11.64,61.3,0.7,0,2,50,Neutral
MSFT,MSFT,2026-03-03 05:00:00+00:00,1188349200,-5.16,2100449837.4553607,-0.86,39.6,0.98,0,0,40,Distribution
MSI,MSI,2026-03-03 05:00:00+00:00,73804200,24.42,32495926.14973729,19.49,76.7,0.84,0,1,85,Strong Accumulation
MTB,MTB,2026-03-03 05:00:00+00:00,31954600,-11.62,19646737.685404792,-1.04,36.5,1.01,0,0,35,Distribution
MTCH,MTCH,2026-03-03 05:00:00+00:00,-273621500,6.2,-67208853.23769954,24.03,26.6,0.82,0,2,70,Strong Accumulation
MTD,MTD,2026-03-03 05:00:00+00:00,8148700,-6.48,4509855.373400702,8.59,36.9,1.12,0,0,50,Neutral
MU,MU,2026-03-03 05:00:00+00:00,1534371400,-4.98,657666882.8380756,8.49,45.2,0.91,0,0,60,Accumulation
NCLH,NCLH,2026-03-03 05:00:00+00:00,379537100,-15.02,163503550.79694405,104.32,44.2,1.11,0,1,50,Neutral
NDAQ,NDAQ,2026-03-03 05:00:00+00:00,246858400,0.04,160647210.58326775,5.35,54.3,0.84,0,3,60,Accumulation
NDSN,NDSN,2026-03-03 05:00:00+00:00,22199000,3.11,16280186.772149263,9.29,32.9,0.83,0,0,60,Accumulation
NEE,NEE,2026-03-03 05:00:00+00:00,306137800,16.36,237482105.88259876,14.13,62.0,1.44,2,2,85,Strong Accumulation
NEM,NEM,2026-03-03 05:00:00+00:00,337913800,1.12,503021789.29870576,6.43,46.7,1.12,0,0,60,Accumulation
NFLX,NFLX,2026-03-03 05:00:00+00:00,1433892700,79.81,3268122192.053118,7.72,76.1,1.74,1,1,90,Strong Accumulation
NI,NI,2026-03-03 05:00:00+00:00,525736700,8.28,278885123.0460959,4.05,75.4,0.97,0,0,65,Accumulation
NKE,NKE,2026-03-03 05:00:00+00:00,-386526000,-11.84,-289772753.5561237,5.09,47.3,0.92,0,1,45,Neutral
NOC,NOC,2026-03-03 05:00:00+00:00,57473300,1.7,17805649.715253342,7.35,70.4,1.24,0,0,70,Strong Accumulation
NOW,NOW,2026-03-03 05:00:00+00:00,571806900,8.79,422612291.7523767,21.18,64.5,0.79,0,0,75,Strong Accumulation
NRG,NRG,2026-03-03 05:00:00+00:00,320035100,-0.78,132438806.76424809,9.8,44.6,1.5,1,1,70,Strong Accumulation
NSC,NSC,2026-03-03 05:00:00+00:00,49290400,27.42,-22382618.88558775,28.67,54.0,1.0,0,0,80,Strong Accumulation
NTAP,NTAP,2026-03-03 05:00:00+00:00,117898200,-0.25,118451155.12307432,8.93,41.7,1.32,0,0,65,Accumulation
NTRS,NTRS,2026-03-03 05:00:00+00:00,41001700,-4.6,55054810.78182412,1.11,37.4,1.07,0,0,50,Neutral
NUE,NUE,2026-03-03 05:00:00+00:00,96513300,-1.56,-15146802.891980369,34.23,38.3,0.92,0,0,65,Accumulation
NVDA,NVDA,2026-03-03 05:00:00+00:00,53555535700,0.01,45031039584.696434,-0.89,40.8,1.32,0,0,55,Accumulation
NVR,NVR,2026-03-03 05:00:00+00:00,316500,-2.82,-217239.2839568108,6.02,47.3,0.88,0,0,60,Accumulation
NWS,NWS,2026-03-03 05:00:00+00:00,51472800,-18.07,1867988.7758217857,-63.04,40.4,0.93,0,3,20,Strong Distribution
NWSA,NWSA,2026-03-03 05:00:00+00:00,112540400,-6.94,-35804333.184595555,19.78,48.9,0.77,0,3,55,Accumulation
NXPI,NXPI,2026-03-03 05:00:00+00:00,150496300,4.19,50707873.85702849,24.77,24.7,0.79,0,1,60,Accumulation
O,O,2026-03-03 05:00:00+00:00,15446919,133.55,-117057708.34671496,12.71,68.5,1.12,0,0,80,Strong Accumulation
ODFL,ODFL,2026-03-03 05:00:00+00:00,105114800,10.42,25352759.022672936,40.74,69.7,0.87,0,2,80,Strong Accumulation
OKE,OKE,2026-03-03 05:00:00+00:00,209944600,9.77,164327347.40932122,11.23,63.7,1.18,0,0,75,Strong Accumulation
OMC,OMC,2026-03-03 05:00:00+00:00,80728500,208.55,12510566.97319481,143.87,60.1,0.81,0,3,80,Strong Accumulation
ON,ON,2026-03-03 05:00:00+00:00,153669200,8.8,78804285.61598404,76.89,49.6,0.8,0,0,75,Strong Accumulation
ORCL,ORCL,2026-03-03 05:00:00+00:00,966572100,-1.06,-43078959.412544206,-7.29,38.3,0.88,0,0,40,Distribution
ORLY,ORLY,2026-03-03 05:00:00+00:00,868667400,0.27,105340728.52229978,18.32,60.8,1.1,0,0,65,Accumulation
OTIS,OTIS,2026-03-03 05:00:00+00:00,166200000,4.89,97978191.10929902,0.15,53.6,0.93,0,0,50,Neutral
OXY,OXY,2026-03-03 05:00:00+00:00,630778000,20.66,-224469465.77353683,13.4,66.5,1.26,1,2,85,Strong Accumulation
PANW,PANW,2026-03-03 05:00:00+00:00,830274200,-15.06,573058333.8765385,0.16,31.2,0.59,0,3,30,Distribution
PAYC,PAYC,2026-03-03 05:00:00+00:00,19443800,21.37,24879932.874617945,119.01,45.5,1.16,1,4,80,Strong Accumulation
PAYX,PAYX,2026-03-03 05:00:00+00:00,-9198400,-45.49,101014666.8747361,12.03,44.7,1.01,0,0,50,Neutral
PCAR,PCAR,2026-03-03 05:00:00+00:00,121860300,-13.09,142689108.8994489,-2.69,36.4,1.01,0,0,35,Distribution
PCG,PCG,2026-03-03 05:00:00+00:00,1134396000,23.98,1134989852.45013,22.88,83.0,0.91,0,0,85,Strong Accumulation
PEG,PEG,2026-03-03 05:00:00+00:00,256299400,-2.26,163321794.18928194,0.44,61.2,1.35,0,0,55,Accumulation
PEP,PEP,2026-03-03 05:00:00+00:00,329233700,9.45,324478585.5731385,9.79,56.1,0.86,0,1,70,Strong Accumulation
PFE,PFE,2026-03-03 05:00:00+00:00,-247808547,-6.92,-700511800.7991667,-0.26,41.2,0.81,0,0,40,Distribution
PFG,PFG,2026-03-03 05:00:00+00:00,-6832700,-1173.14,75464457.72582167,5.6,43.6,1.02,0,0,45,Neutral
PG,PG,2026-03-03 05:00:00+00:00,575508100,11.12,190429715.43806174,5.25,57.5,0.85,0,0,75,Strong Accumulation
PGR,PGR,2026-03-03 05:00:00+00:00,137061100,-0.02,223907499.10371378,4.19,72.0,0.91,0,0,55,Accumulation
PH,PH,2026-03-03 05:00:00+00:00,43267100,5.64,30787097.73671588,11.01,47.2,1.08,0,0,75,Strong Accumulation
PHM,PHM,2026-03-03 05:00:00+00:00,215386200,2.35,91707310.30744249,4.42,54.4,0.97,0,0,50,Neutral
PKG,PKG,2026-03-03 05:00:00+00:00,20800700,13.48,32386070.93303613,22.97,36.2,0.83,0,0,80,Strong Accumulation
PLD,PLD,2026-03-03 05:00:00+00:00,192802700,0.17,78870770.98415525,14.91,54.6,1.07,0,0,65,Accumulation
PLTR,Palantir Technologies,2026-03-03 05:00:00+00:00,4676535300,2.13,4228251575.110944,2.42,60.2,0.93,0,2,50,Neutral
PM,PM,2026-03-03 05:00:00+00:00,669287800,1.44,525063760.7529618,0.97,41.2,0.98,0,0,50,Neutral
PNC,PNC,2026-03-03 05:00:00+00:00,57550800,3.73,92889256.8183887,-0.5,38.4,1.15,0,0,50,Neutral
PNR,PNR,2026-03-03 05:00:00+00:00,125745600,0.48,73915560.66235895,7.43,44.1,0.78,0,2,60,Accumulation
PNW,PNW,2026-03-03 05:00:00+00:00,47321600,14.76,36121169.72008434,17.95,78.7,1.29,0,0,90,Strong Accumulation
PODD,PODD,2026-03-03 05:00:00+00:00,36772800,-1.34,17363042.133128777,-11.04,42.2,0.88,0,0,35,Distribution
POOL,POOL,2026-03-03 05:00:00+00:00,-392700,-108.79,10147696.759489324,15.69,28.3,0.82,0,1,45,Neutral
PPG,PPG,2026-03-03 05:00:00+00:00,42018200,-9.4,-52482220.72113974,10.87,32.0,0.92,0,0,55,Accumulation
PPL,PPL,2026-03-03 05:00:00+00:00,361307500,12.04,235678081.33456498,38.69,57.3,0.79,0,3,80,Strong Accumulation
PRU,PRU,2026-03-03 05:00:00+00:00,-2936200,-214.42,18297299.201910503,7.52,23.2,0.89,0,2,40,Distribution
PSA,PSA,2026-03-03 05:00:00+00:00,26788100,35.17,42975710.078639634,15.74,71.9,0.92,0,0,85,Strong Accumulation
PSX,PSX,2026-03-03 05:00:00+00:00,91689000,1.32,-56280703.685497515,17.53,51.0,1.12,0,0,65,Accumulation
PTC,PTC,2026-03-03 05:00:00+00:00,13977600,196.71,75449295.2260589,9.39,50.6,0.84,0,2,75,Strong Accumulation
PWR,PWR,2026-03-03 05:00:00+00:00,100656300,0.58,61196218.385794,5.9,66.6,0.91,0,0,60,Accumulation
PYPL,PYPL,2026-03-03 05:00:00+00:00,-655674700,19.19,-402929030.8161847,24.77,74.7,0.8,0,3,85,Strong Accumulation
QCOM,QCOM,2026-03-03 05:00:00+00:00,331371500,9.0,385674443.72733605,8.74,57.4,0.8,0,1,70,Strong Accumulation
QRVO,QRVO,2026-03-03 05:00:00+00:00,44961600,15.32,5107575.817111655,120.98,25.0,1.1,0,0,75,Strong Accumulation
RCL,RCL,2026-03-03 05:00:00+00:00,247940600,-3.05,168399057.20660916,-1.04,42.0,1.28,0,0,55,Accumulation
REG,REG,2026-03-03 05:00:00+00:00,6731200,276.38,52635219.7265164,20.15,52.5,1.05,0,0,80,Strong Accumulation
REGN,REGN,2026-03-03 05:00:00+00:00,38158800,1.0,17175704.828758936,11.52,55.4,0.98,0,0,65,Accumulation
RF,RF,2026-03-03 05:00:00+00:00,166302500,26.38,301948192.1944653,4.43,41.4,1.09,0,0,65,Accumulation
RJF,RJF,2026-03-03 05:00:00+00:00,92924700,-0.51,97009546.42337154,0.11,35.4,0.83,0,1,50,Neutral
RKLB,Rocket Lab USA,2026-03-03 05:00:00+00:00,1349712500,-2.87,107643947.08929095,210.52,55.0,1.05,0,0,65,Accumulation
RL,RL,2026-03-03 05:00:00+00:00,29589500,21.43,24541962.50772118,20.08,69.9,0.87,0,2,80,Strong Accumulation
RMD,RMD,2026-03-03 05:00:00+00:00,69441000,12.67,42333634.64619195,16.11,50.2,0.81,0,0,80,Strong Accumulation
ROK,ROK,2026-03-03 05:00:00+00:00,37887200,-15.97,51467997.74663092,6.34,48.0,0.73,0,4,45,Neutral
ROL,ROL,2026-03-03 05:00:00+00:00,145283800,3.6,149364458.49999708,10.64,58.6,0.67,0,3,60,Accumulation
ROP,ROP,2026-03-03 05:00:00+00:00,46477200,7.58,31544628.865884528,19.12,54.2,0.73,0,0,75,Strong Accumulation
ROST,ROST,2026-03-03 05:00:00+00:00,48319000,27.68,2544121.421773286,146.01,60.5,1.38,0,0,85,Strong Accumulation
RSG,RSG,2026-03-03 05:00:00+00:00,140367600,5.09,84753251.2877192,3.01,55.5,0.77,0,0,60,Accumulation
RTX,RTX,2026-03-03 05:00:00+00:00,246465475,4.54,212072490.35770854,2.37,70.6,1.2,0,0,60,Accumulation
RVTY,RVTY,2026-03-03 05:00:00+00:00,16175200,14.53,35113489.38089115,6.91,26.3,0.8,0,0,70,Strong Accumulation
SBAC,SBAC,2026-03-03 05:00:00+00:00,22132800,31.3,20769699.83059837,19.37,64.3,1.43,2,2,85,Strong Accumulation
SBUX,SBUX,2026-03-03 05:00:00+00:00,-166430400,1.18,386401122.8612487,8.8,48.2,0.91,0,0,60,Accumulation
SCHW,SCHW,2026-03-03 05:00:00+00:00,-281329800,-35.09,389328880.044225,-0.3,31.9,0.73,0,2,35,Distribution
SHW,SHW,2026-03-03 05:00:00+00:00,40663000,9.03,22227243.306843936,11.68,46.6,0.9,0,0,75,Strong Accumulation
SJM,SJM,2026-03-03 05:00:00+00:00,6201600,-30.67,15307586.580484916,132.84,33.9,1.95,2,2,60,Accumulation
SLB,SLB,2026-03-03 05:00:00+00:00,-281796500,-81.79,26793443.776972115,28.27,27.8,0.92,0,0,45,Neutral
SMCI,SMCI,2026-03-03 05:00:00+00:00,1602202700,1.43,326558539.78133696,41.92,28.6,0.84,0,1,60,Accumulation
SNA,SNA,2026-03-03 05:00:00+00:00,7177900,-4.95,7374704.129084836,25.3,68.6,0.85,0,0,65,Accumulation
SNPS,SNPS,2026-03-03 05:00:00+00:00,35547400,-21.57,64058985.73885827,15.9,47.2,1.26,0,2,55,Accumulation
SO,SO,2026-03-03 05:00:00+00:00,210253400,28.21,319523646.4640353,2.67,79.8,0.76,0,2,70,Strong Accumulation
SOLV,SOLV,2026-03-03 05:00:00+00:00,-49938600,-4.2,-4653775.947862896,2.56,33.8,1.27,0,0,55,Accumulation
SPG,SPG,2026-03-03 05:00:00+00:00,171469100,1.66,-9895222.831001872,5.04,51.8,0.9,0,0,60,Accumulation
SPGI,SPGI,2026-03-03 05:00:00+00:00,69535900,11.46,72095559.71333365,7.41,64.6,0.7,0,4,70,Strong Accumulation
SRE,SRE,2026-03-03 05:00:00+00:00,68707300,141.23,67368427.24918322,42.59,69.9,1.01,0,0,80,Strong Accumulation
STE,STE,2026-03-03 05:00:00+00:00,21945600,-19.62,42195847.76583761,4.6,57.8,0.82,0,2,35,Distribution
STLD,STLD,2026-03-03 05:00:00+00:00,109786700,4.69,48384059.388049036,21.83,48.6,0.87,0,0,65,Accumulation
STT,STT,2026-03-03 05:00:00+00:00,160342500,0.83,49879108.04276466,9.79,32.5,1.21,0,0,65,Accumulation
STX,STX,2026-03-03 05:00:00+00:00,267274900,-9.85,157852367.4827893,-6.18,43.7,1.02,0,0,30,Distribution
STZ,STZ,2026-03-03 05:00:00+00:00,-8365000,-78.94,2391968.3799152845,519.29,52.2,0.84,0,1,50,Neutral
SWK,SWK,2026-03-03 05:00:00+00:00,-125733200,3.59,-19575972.113034353,27.46,36.0,0.81,0,1,65,Accumulation
SWKS,SWKS,2026-03-03 05:00:00+00:00,-67813100,7.54,21477609.98991043,140.17,23.6,0.88,0,0,70,Strong Accumulation
SYF,SYF,2026-03-03 05:00:00+00:00,166961400,-4.63,239344202.65009242,-0.71,30.7,0.98,0,0,50,Neutral
SYK,SYK,2026-03-03 05:00:00+00:00,53312400,23.17,112278370.06332709,0.5,75.4,0.7,0,0,70,Strong Accumulation
SYY,SYY,2026-03-03 05:00:00+00:00,28775800,53.43,-25614054.47545004,0.14,61.9,0.82,0,0,65,Accumulation
T,T,2026-03-03 05:00:00+00:00,1329573992,12.1,-340331385.75448924,16.45,58.6,1.02,0,0,80,Strong Accumulation
TAP,TAP,2026-03-03 05:00:00+00:00,43789300,-22.1,-23481307.938066512,14.24,41.6,0.94,0,1,50,Neutral
TDG,TDG,2026-03-03 05:00:00+00:00,24415200,4.39,8982547.258658882,14.11,53.8,0.89,0,1,65,Accumulation
TDY,TDY,2026-03-03 05:00:00+00:00,18287400,10.68,6489716.306802792,29.44,58.3,0.85,0,0,80,Strong Accumulation
TECH,TECH,2026-03-03 05:00:00+00:00,51027700,-7.45,83685672.26327732,5.07,20.1,0.79,0,1,45,Neutral
TEL,TEL,2026-03-03 05:00:00+00:00,77399200,-19.16,31457276.26388157,-12.32,48.8,1.28,1,1,25,Strong Distribution
TER,TER,2026-03-03 05:00:00+00:00,78595300,3.19,156352854.17233256,6.56,42.6,0.93,0,1,60,Accumulation
TFC,TFC,2026-03-03 05:00:00+00:00,55873900,25.42,330190463.24488246,-4.17,31.6,0.79,0,0,65,Accumulation
TFX,TFX,2026-03-03 05:00:00+00:00,-21383600,5.43,-2930184.070019315,63.33,59.1,1.28,1,1,80,Strong Accumulation
TGT,TGT,2026-03-03 05:00:00+00:00,-252578400,5.69,-34292919.65148994,44.49,62.3,1.16,1,1,75,Strong Accumulation
TJX,TJX,2026-03-03 05:00:00+00:00,432865800,4.23,77624394.61770771,38.11,56.7,1.14,0,0,65,Accumulation
TMO,TMO,2026-03-03 05:00:00+00:00,6246500,-72.87,35863001.554669455,-0.68,33.2,0.77,0,0,35,Distribution
TMUS,TMUS,2026-03-03 05:00:00+00:00,343317500,28.37,267059723.93439814,3.25,76.4,0.84,0,1,70,Strong Accumulation
TPR,TPR,2026-03-03 05:00:00+00:00,486738500,5.29,141685317.97799486,11.51,50.1,0.92,0,2,75,Strong Accumulation
TRGP,TRGP,2026-03-03 05:00:00+00:00,306949300,4.97,216869859.05359304,3.95,78.7,1.13,0,0,55,Accumulation
TRMB,TRMB,2026-03-03 05:00:00+00:00,181172300,12.81,139923264.32667053,8.81,54.8,0.82,0,0,75,Strong Accumulation
TROW,TROW,2026-03-03 05:00:00+00:00,23565800,-3.81,10281936.429357642,100.46,40.6,0.78,0,2,65,Accumulation
TRV,TRV,2026-03-03 05:00:00+00:00,156134000,10.48,55550107.48652733,12.05,61.6,0.99,0,0,80,Strong Accumulation
TSCO,TSCO,2026-03-03 05:00:00+00:00,451511200,-0.33,358060876.0808133,1.32,44.0,1.09,0,0,50,Neutral
TSLA,TSLA,2026-03-03 05:00:00+00:00,18077657400,0.57,10242024028.16588,1.93,34.9,0.96,0,0,50,Neutral
TSLY,YieldMax TSLA Option Income ETF,2026-03-03 05:00:00+00:00,16382470,15.64,83592271.79335625,4.89,35.3,0.96,0,0,65,Accumulation
TSN,TSN,2026-03-03 05:00:00+00:00,-21161700,5.48,11962798.960590906,18.06,48.7,1.28,0,0,80,Strong Accumulation
TT,TT,2026-03-03 05:00:00+00:00,169335270,4.1,94549930.03337593,3.38,35.2,1.0,0,0,50,Neutral
TTWO,TTWO,2026-03-03 05:00:00+00:00,112138700,5.76,60648052.45087909,2.79,49.7,0.73,0,2,60,Accumulation
TXN,TXN,2026-03-03 05:00:00+00:00,140280700,-24.81,295583842.2253671,-4.63,28.8,0.88,0,0,30,Distribution
TXT,TXT,2026-03-03 05:00:00+00:00,90355200,26.56,29480131.28985179,48.68,61.8,0.79,0,0,80,Strong Accumulation
TYL,TYL,2026-03-03 05:00:00+00:00,5511000,385.47,7410548.739122829,32.09,59.2,0.76,0,5,80,Strong Accumulation
UAL,UAL,2026-03-03 05:00:00+00:00,-87709000,-26.09,111361254.12755235,9.74,36.6,1.2,0,0,45,Neutral
UBER,UBER,2026-03-03 05:00:00+00:00,511786300,15.67,588472284.9671996,1.77,59.5,0.88,0,1,65,Accumulation
UDR,UDR,2026-03-03 05:00:00+00:00,-11979500,47.68,62502232.85702454,10.58,40.2,0.73,0,0,80,Strong Accumulation
UHS,UHS,2026-03-03 05:00:00+00:00,32606300,19.05,31269601.971339047,-4.08,37.0,1.45,2,2,70,Strong Accumulation
ULTA,ULTA,2026-03-03 05:00:00+00:00,17261100,-4.74,-25257054.6485696,-0.76,40.1,0.99,0,0,50,Neutral
UNH,UNH,2026-03-03 05:00:00+00:00,25997500,57.92,120671651.63838504,13.5,68.0,1.03,0,0,80,Strong Accumulation
UNP,UNP,2026-03-03 05:00:00+00:00,108328300,33.21,4219235.097737746,118.82,61.3,0.88,0,0,80,Strong Accumulation
UPS,UPS,2026-03-03 05:00:00+00:00,-89602200,7.15,-39715976.281765126,43.01,35.3,0.87,0,0,75,Strong Accumulation
URI,URI,2026-03-03 05:00:00+00:00,31501500,-0.16,32213593.39560736,8.78,46.8,1.02,0,0,60,Accumulation
USB,USB,2026-03-03 05:00:00+00:00,-55919900,-186.22,402660330.51277727,-5.33,30.4,0.97,0,0,25,Strong Distribution
V,V,2026-03-03 05:00:00+00:00,373615200,14.03,123350321.8569221,6.22,55.0,0.97,0,0,75,Strong Accumulation
VICI,VICI,2026-03-03 05:00:00+00:00,-114629600,22.45,117487768.0524,157.91,61.3,1.22,0,0,85,Strong Accumulation
VLO,VLO,2026-03-03 05:00:00+00:00,-22883300,47.71,-18194718.03249605,51.25,66.3,1.27,0,0,85,Strong Accumulation
VLTO,VLTO,2026-03-03 05:00:00+00:00,8303900,-55.02,30786764.369207047,26.5,61.5,0.73,0,2,50,Neutral
VMC,VMC,2026-03-03 05:00:00+00:00,75717000,7.66,42970862.48057215,18.67,44.8,0.93,0,0,75,Strong Accumulation
VOO,Vanguard S&P 500 ETF,2026-03-03 05:00:00+00:00,222197100,-8.34,686240441.4426893,4.69,27.4,1.19,0,0,35,Distribution
VRSK,VRSK,2026-03-03 05:00:00+00:00,55086600,8.79,79270569.80628766,17.09,77.5,0.89,0,6,80,Strong Accumulation
VRSN,VRSN,2026-03-03 05:00:00+00:00,38454500,3.71,37830673.97783884,6.9,79.6,0.92,0,1,65,Accumulation
VRTX,VRTX,2026-03-03 05:00:00+00:00,117369400,-2.59,47707709.90223045,-3.43,49.1,0.79,0,0,50,Neutral
VST,VST,2026-03-03 05:00:00+00:00,248755300,13.16,78629316.59637037,33.7,57.4,1.01,0,0,80,Strong Accumulation
VTR,VTR,2026-03-03 05:00:00+00:00,172979100,9.63,105861414.45515727,0.85,57.5,0.92,1,1,60,Accumulation
VTRS,VTRS,2026-03-03 05:00:00+00:00,98624200,31.16,61491018.75258897,40.49,45.7,1.28,0,1,85,Strong Accumulation
VZ,VZ,2026-03-03 05:00:00+00:00,-38871800,85.75,-245734300.63973656,14.39,69.9,0.8,0,0,80,Strong Accumulation
WAB,WAB,2026-03-03 05:00:00+00:00,76092000,6.78,96701859.30595028,5.5,60.4,0.98,0,2,70,Strong Accumulation
WAT,WAT,2026-03-03 05:00:00+00:00,-14231800,-46.62,16004265.466532249,22.23,46.3,0.8,0,5,50,Neutral
WBD,WBD,2026-03-03 05:00:00+00:00,1948904300,0.78,443967840.30725724,-4.89,44.4,1.35,1,1,55,Accumulation
WDC,WDC,2026-03-03 05:00:00+00:00,633412563,-4.2,52882434.59995197,-39.24,39.6,0.94,0,0,35,Distribution
WEC,WEC,2026-03-03 05:00:00+00:00,61049000,10.62,85462082.29741995,1.09,68.3,0.82,0,0,65,Accumulation
WELL,WELL,2026-03-03 05:00:00+00:00,198448000,11.65,46088512.3863431,-5.65,57.4,0.99,0,0,55,Accumulation
WFC,WFC,2026-03-03 05:00:00+00:00,687997800,-6.77,218427956.25659576,10.87,38.3,1.27,0,0,60,Accumulation
WM,WM,2026-03-03 05:00:00+00:00,157615700,12.05,113597546.48844545,-0.08,60.8,1.0,0,0,65,Accumulation
WMB,WMB,2026-03-03 05:00:00+00:00,656083800,8.62,527792542.436989,-0.59,79.2,0.87,0,0,65,Accumulation
WMT,WMT,2026-03-03 05:00:00+00:00,1253380800,-4.98,610916604.6147058,-8.59,45.6,0.73,0,0,40,Distribution
WRB,WRB,2026-03-03 05:00:00+00:00,200726975,4.9,48343081.68133504,12.44,57.4,1.09,1,1,65,Accumulation
WST,WST,2026-03-03 05:00:00+00:00,26256900,8.43,28565538.758473083,8.0,55.4,0.61,0,0,65,Accumulation
WTW,WTW,2026-03-03 05:00:00+00:00,18182100,-5.27,-839926.9443240687,-167.59,69.5,0.65,0,6,20,Strong Distribution
WY,WY,2026-03-03 05:00:00+00:00,155199300,12.52,14740748.667710397,-31.57,25.0,1.1,0,0,45,Neutral
WYNN,WYNN,2026-03-03 05:00:00+00:00,-119878100,-6.74,-33284948.494339284,2.51,39.9,1.1,0,1,40,Distribution
XEL,XEL,2026-03-03 05:00:00+00:00,248410700,5.94,207074030.35774148,10.11,72.6,0.88,0,0,80,Strong Accumulation
XOM,XOM,2026-03-03 05:00:00+00:00,630143500,6.72,-41691739.85282145,3.65,46.3,1.05,0,0,60,Accumulation
XYL,XYL,2026-03-03 05:00:00+00:00,-4959000,-169.42,48829623.74743024,-7.99,48.6,0.99,0,1,25,Strong Distribution
YUM,YUM,2026-03-03 05:00:00+00:00,111110100,10.15,48268171.25642866,13.01,61.5,0.95,0,0,80,Strong Accumulation
ZBH,ZBH,2026-03-03 05:00:00+00:00,-50335369,24.96,-9210761.702593379,49.17,66.8,0.81,0,0,80,Strong Accumulation
ZBRA,ZBRA,2026-03-03 05:00:00+00:00,-12902000,-19.51,3866304.907895972,-48.77,33.5,0.89,0,1,20,Strong Distribution
ZTS,ZTS,2026-03-03 05:00:00+00:00,-13355100,62.83,-52470476.28080896,10.85,46.1,0.8,0,1,80,Strong Accumulation
